,m_a [eV],G_ap[GeV^-1]
0,1.4309346567411084e-05,4.1e-08
1,1.5136476426799007e-05,4.1e-08
