,m_a [eV],G_ap[GeV^-1]
0,0.0003305207004383167,1.0
1,0.0003305207004383167,3.10119739445563e-13
2,0.0004600142503334922,3.641201275246576e-13
3,0.0004600142503334922,1.0
