,m_a [eV],G_ap[GeV^-1]
0,0.00011,2.02e-12
1,0.00011,2.02e-12
