,m_a [eV],G_ap[GeV^-1]
0,3.46738e-05,4e-13
1,3.46771e-05,4e-13
